{
  "matrix_name": "4\u00d74 Variation 2",
  "matrix_validation": {
    "n": 4,
    "is_row_stochastic": true,
    "is_col_stochastic": true,
    "is_doubly_stochastic": true,
    "max_row_deviation": 1.400326423706133e-07,
    "max_col_deviation": 1.1102230246251565e-16,
    "stationary_distribution": [
      0.25000000000000017,
      0.24999999999999972,
      0.2500000000000002,
      0.25
    ],
    "is_uniform_stationary": true,
    "max_pi_deviation": 2.7755575615628914e-16,
    "conditional_entropies": [
      1.226521586217597,
      0.8796630474930078,
      1.6951780638940113,
      0.18102459277769334
    ],
    "entropy_range": [
      0.18102459277769334,
      1.6951780638940113
    ],
    "tolerance_used": 0.0001
  },
  "mixing_time": {
    "tau_mix": 5,
    "epsilon": 0.18393972058572117,
    "sequence_to_mixing_ratio": 160.0
  },
  "sequence_summary": {
    "n_sequences": 10,
    "sequence_length": 800,
    "unigram_all_acceptable": true,
    "unigram_n_acceptable": 10,
    "unigram_p_value_mean": 0.6784229846916252,
    "unigram_p_value_min": 0.09493281253796342,
    "unigram_p_value_max": 0.9523380762003212,
    "cv_mean": 4.226299571618823,
    "cv_std": 2.482617959117864,
    "transition_all_acceptable": true,
    "transition_n_acceptable": 10,
    "transition_p_value_mean": 0.6416806155086079
  }
}