{
  "matrix_name": "8\u00d78 Variation 3",
  "matrix_validation": {
    "n": 8,
    "is_row_stochastic": true,
    "is_col_stochastic": true,
    "is_doubly_stochastic": true,
    "max_row_deviation": 3.905163365813813e-05,
    "max_col_deviation": 2.220446049250313e-16,
    "stationary_distribution": [
      0.12500000000000008,
      0.12499999999999999,
      0.1249999999999999,
      0.12499999999999994,
      0.12500000000000003,
      0.125,
      0.12499999999999996,
      0.12500000000000008
    ],
    "is_uniform_stationary": true,
    "max_pi_deviation": 9.71445146547012e-17,
    "conditional_entropies": [
      0.47143548683921194,
      1.7142707303231903,
      2.540645766224487,
      2.8354472290519235,
      2.1418492921823424,
      1.2867226154402944,
      0.8894788759255277,
      0.060940804511173716
    ],
    "entropy_range": [
      0.060940804511173716,
      2.8354472290519235
    ],
    "tolerance_used": 0.0001
  },
  "mixing_time": {
    "tau_mix": 5,
    "epsilon": 0.18393972058572117,
    "sequence_to_mixing_ratio": 320.0
  },
  "sequence_summary": {
    "n_sequences": 10,
    "sequence_length": 1600,
    "unigram_all_acceptable": true,
    "unigram_n_acceptable": 10,
    "unigram_p_value_mean": 0.7620476631842378,
    "unigram_p_value_min": 0.3011005895698932,
    "unigram_p_value_max": 0.9952980696968858,
    "cv_mean": 4.655225183606952,
    "cv_std": 1.5823648409616606,
    "transition_all_acceptable": true,
    "transition_n_acceptable": 10,
    "transition_p_value_mean": 0.507794453023282
  }
}